{"epoch":1738886400000,"pos_x":904.080523,"pos_y":2529.222897,"pos_z":-6545.16775,"vel_x":50385.447,"vel_y":50023.945,"vel_z":26247.921}
